{"materials":[{"id":-1742,"path":"Default UI Material","assetBundleId":-1,"data":["Default UI Material",9,28,3000,0,[["_StencilComp",8],["_Stencil",0],["_StencilOp",0],["_StencilWriteMask",255],["_StencilReadMask",255],["_ColorMask",15],["_UseUIAlphaClip",0]],[["_Color",1,1,1,1]],[["_MainTex_ST",1,1,0,0]],[["_MainTex",null,null]],[]]},{"id":26760,"path":".\\Library\\PackageCache\\com.unity.render-pipelines.universal@14.0.12\\Runtime\\Materials\\Lit.mat","assetBundleId":-1,"data":["Lit",9,486,2000,0,[["_WorkflowMode",1],["_Cutoff",0.5],["_Smoothness",0.5],["_SmoothnessTextureChannel",0],["_Metallic",0],["_SpecularHighlights",1],["_EnvironmentReflections",1],["_BumpScale",1],["_Parallax",0.0199999995529652],["_OcclusionStrength",1],["_DetailAlbedoMapScale",1],["_DetailNormalMapScale",1],["_ClearCoatMask",0],["_ClearCoatSmoothness",0],["_Surface",0],["_Blend",0],["_Cull",2],["_AlphaClip",0],["_SrcBlend",1],["_DstBlend",0],["_SrcBlendAlpha",1],["_DstBlendAlpha",0],["_ZWrite",1],["_BlendModePreserveSpecular",1],["_AlphaToMask",0],["_ReceiveShadows",1],["_QueueOffset",0],["_GlossMapScale",1],["_Glossiness",0.5],["_GlossyReflections",1]],[["_BaseColor",0.5,0.5,0.5,1],["_SpecColor",1,1,1,1],["_EmissionColor",0,0,0,1],["_Color",0.5,0.5,0.5,1]],[["_BaseMap_ST",1,1,0,0],["_MetallicGlossMap_ST",1,1,0,0],["_SpecGlossMap_ST",1,1,0,0],["_BumpMap_ST",1,1,0,0],["_ParallaxMap_ST",1,1,0,0],["_OcclusionMap_ST",1,1,0,0],["_EmissionMap_ST",1,1,0,0],["_DetailMask_ST",1,1,0,0],["_DetailAlbedoMap_ST",1,1,0,0],["_DetailNormalMap_ST",1,1,0,0],["_MainTex_ST",1,1,0,0],["unity_Lightmaps_ST",1,1,0,0],["unity_LightmapsInd_ST",1,1,0,0],["unity_ShadowMasks_ST",1,1,0,0]],[["_BaseMap",10,26768],["_MetallicGlossMap",null,null],["_SpecGlossMap",null,null],["_BumpMap",null,null],["_ParallaxMap",null,null],["_OcclusionMap",null,null],["_EmissionMap",null,null],["_DetailMask",null,null],["_DetailAlbedoMap",null,null],["_DetailNormalMap",null,null],["_MainTex",10,26768],["unity_Lightmaps",null,null],["unity_LightmapsInd",null,null],["unity_ShadowMasks",null,null]],[]]},{"id":26782,"path":"Assets/@Assets/Materials/Red.mat","assetBundleId":-1,"data":["Red",9,486,2000,0,[["_WorkflowMode",1],["_Cutoff",0.5],["_Smoothness",0.5],["_SmoothnessTextureChannel",0],["_Metallic",0],["_SpecularHighlights",1],["_EnvironmentReflections",1],["_BumpScale",1],["_Parallax",0.00499999988824129],["_OcclusionStrength",1],["_DetailAlbedoMapScale",1],["_DetailNormalMapScale",1],["_ClearCoatMask",0],["_ClearCoatSmoothness",0],["_Surface",0],["_Blend",0],["_Cull",2],["_AlphaClip",0],["_SrcBlend",1],["_DstBlend",0],["_SrcBlendAlpha",1],["_DstBlendAlpha",0],["_ZWrite",1],["_BlendModePreserveSpecular",1],["_AlphaToMask",0],["_ReceiveShadows",1],["_QueueOffset",0],["_GlossMapScale",0],["_Glossiness",0],["_GlossyReflections",0]],[["_BaseColor",1,0,0,1],["_SpecColor",0.199999928474426,0.199999928474426,0.199999928474426,1],["_EmissionColor",0,0,0,1],["_Color",1,0,0,1]],[["_BaseMap_ST",1,1,0,0],["_MetallicGlossMap_ST",1,1,0,0],["_SpecGlossMap_ST",1,1,0,0],["_BumpMap_ST",1,1,0,0],["_ParallaxMap_ST",1,1,0,0],["_OcclusionMap_ST",1,1,0,0],["_EmissionMap_ST",1,1,0,0],["_DetailMask_ST",1,1,0,0],["_DetailAlbedoMap_ST",1,1,0,0],["_DetailNormalMap_ST",1,1,0,0],["_MainTex_ST",1,1,0,0],["unity_Lightmaps_ST",1,1,0,0],["unity_LightmapsInd_ST",1,1,0,0],["unity_ShadowMasks_ST",1,1,0,0]],[["_BaseMap",null,null],["_MetallicGlossMap",null,null],["_SpecGlossMap",null,null],["_BumpMap",null,null],["_ParallaxMap",null,null],["_OcclusionMap",null,null],["_EmissionMap",null,null],["_DetailMask",null,null],["_DetailAlbedoMap",null,null],["_DetailNormalMap",null,null],["_MainTex",null,null],["unity_Lightmaps",null,null],["unity_LightmapsInd",null,null],["unity_ShadowMasks",null,null]],[]]},{"id":26784,"path":"Assets/@Assets/Materials/Pink.mat","assetBundleId":-1,"data":["Pink",9,486,2000,0,[["_WorkflowMode",1],["_Cutoff",0.5],["_Smoothness",0.5],["_SmoothnessTextureChannel",0],["_Metallic",0],["_SpecularHighlights",1],["_EnvironmentReflections",1],["_BumpScale",1],["_Parallax",0.00499999988824129],["_OcclusionStrength",1],["_DetailAlbedoMapScale",1],["_DetailNormalMapScale",1],["_ClearCoatMask",0],["_ClearCoatSmoothness",0],["_Surface",0],["_Blend",0],["_Cull",2],["_AlphaClip",0],["_SrcBlend",1],["_DstBlend",0],["_SrcBlendAlpha",1],["_DstBlendAlpha",0],["_ZWrite",1],["_BlendModePreserveSpecular",1],["_AlphaToMask",0],["_ReceiveShadows",1],["_QueueOffset",0],["_GlossMapScale",0],["_Glossiness",0],["_GlossyReflections",0]],[["_BaseColor",1,0,1,1],["_SpecColor",0.199999928474426,0.199999928474426,0.199999928474426,1],["_EmissionColor",0,0,0,1],["_Color",1,0,1,1]],[["_BaseMap_ST",1,1,0,0],["_MetallicGlossMap_ST",1,1,0,0],["_SpecGlossMap_ST",1,1,0,0],["_BumpMap_ST",1,1,0,0],["_ParallaxMap_ST",1,1,0,0],["_OcclusionMap_ST",1,1,0,0],["_EmissionMap_ST",1,1,0,0],["_DetailMask_ST",1,1,0,0],["_DetailAlbedoMap_ST",1,1,0,0],["_DetailNormalMap_ST",1,1,0,0],["_MainTex_ST",1,1,0,0],["unity_Lightmaps_ST",1,1,0,0],["unity_LightmapsInd_ST",1,1,0,0],["unity_ShadowMasks_ST",1,1,0,0]],[["_BaseMap",null,null],["_MetallicGlossMap",null,null],["_SpecGlossMap",null,null],["_BumpMap",null,null],["_ParallaxMap",null,null],["_OcclusionMap",null,null],["_EmissionMap",null,null],["_DetailMask",null,null],["_DetailAlbedoMap",null,null],["_DetailNormalMap",null,null],["_MainTex",null,null],["unity_Lightmaps",null,null],["unity_LightmapsInd",null,null],["unity_ShadowMasks",null,null]],[]]},{"id":26780,"path":"Assets/@Assets/Models/Goods/Pepero/Materials/Pepero_Cookie.mat","assetBundleId":-1,"data":["Pepero_Cookie",9,486,2000,0,[["_WorkflowMode",1],["_Cutoff",0.5],["_Smoothness",0.5],["_SmoothnessTextureChannel",0],["_Metallic",0],["_SpecularHighlights",1],["_EnvironmentReflections",1],["_BumpScale",1],["_Parallax",0.00499999988824129],["_OcclusionStrength",1],["_DetailAlbedoMapScale",1],["_DetailNormalMapScale",1],["_ClearCoatMask",0],["_ClearCoatSmoothness",0],["_Surface",0],["_Blend",0],["_Cull",2],["_AlphaClip",0],["_SrcBlend",1],["_DstBlend",0],["_SrcBlendAlpha",1],["_DstBlendAlpha",0],["_ZWrite",1],["_BlendModePreserveSpecular",1],["_AlphaToMask",0],["_ReceiveShadows",1],["_QueueOffset",0],["_GlossMapScale",0],["_Glossiness",0],["_GlossyReflections",0]],[["_BaseColor",1,1,1,1],["_SpecColor",0.199999928474426,0.199999928474426,0.199999928474426,1],["_EmissionColor",0,0,0,1],["_Color",1,1,1,1]],[["_BaseMap_ST",1,1,0,0],["_MetallicGlossMap_ST",1,1,0,0],["_SpecGlossMap_ST",1,1,0,0],["_BumpMap_ST",1,1,0,0],["_ParallaxMap_ST",1,1,0,0],["_OcclusionMap_ST",1,1,0,0],["_EmissionMap_ST",1,1,0,0],["_DetailMask_ST",1,1,0,0],["_DetailAlbedoMap_ST",1,1,0,0],["_DetailNormalMap_ST",1,1,0,0],["_MainTex_ST",1,1,0,0],["unity_Lightmaps_ST",1,1,0,0],["unity_LightmapsInd_ST",1,1,0,0],["unity_ShadowMasks_ST",1,1,0,0]],[["_BaseMap",10,26952],["_MetallicGlossMap",null,null],["_SpecGlossMap",null,null],["_BumpMap",null,null],["_ParallaxMap",null,null],["_OcclusionMap",null,null],["_EmissionMap",null,null],["_DetailMask",null,null],["_DetailAlbedoMap",null,null],["_DetailNormalMap",null,null],["_MainTex",10,26952],["unity_Lightmaps",null,null],["unity_LightmapsInd",null,null],["unity_ShadowMasks",null,null]],[]]},{"id":26774,"path":"Assets/@Assets/Models/Goods/Pepero/Materials/Pepero_Blue.mat","assetBundleId":-1,"data":["Pepero_Blue",9,486,2000,0,[["_WorkflowMode",1],["_Cutoff",0.5],["_Smoothness",0.5],["_SmoothnessTextureChannel",0],["_Metallic",0],["_SpecularHighlights",1],["_EnvironmentReflections",1],["_BumpScale",1],["_Parallax",0.00499999988824129],["_OcclusionStrength",1],["_DetailAlbedoMapScale",1],["_DetailNormalMapScale",1],["_ClearCoatMask",0],["_ClearCoatSmoothness",0],["_Surface",0],["_Blend",0],["_Cull",2],["_AlphaClip",0],["_SrcBlend",1],["_DstBlend",0],["_SrcBlendAlpha",1],["_DstBlendAlpha",0],["_ZWrite",1],["_BlendModePreserveSpecular",1],["_AlphaToMask",0],["_ReceiveShadows",1],["_QueueOffset",0],["_GlossMapScale",0],["_Glossiness",0],["_GlossyReflections",0]],[["_BaseColor",1,1,1,1],["_SpecColor",0.199999928474426,0.199999928474426,0.199999928474426,1],["_EmissionColor",0,0,0,1],["_Color",1,1,1,1]],[["_BaseMap_ST",1,1,0,0],["_MetallicGlossMap_ST",1,1,0,0],["_SpecGlossMap_ST",1,1,0,0],["_BumpMap_ST",1,1,0,0],["_ParallaxMap_ST",1,1,0,0],["_OcclusionMap_ST",1,1,0,0],["_EmissionMap_ST",1,1,0,0],["_DetailMask_ST",1,1,0,0],["_DetailAlbedoMap_ST",1,1,0,0],["_DetailNormalMap_ST",1,1,0,0],["_MainTex_ST",1,1,0,0],["unity_Lightmaps_ST",1,1,0,0],["unity_LightmapsInd_ST",1,1,0,0],["unity_ShadowMasks_ST",1,1,0,0]],[["_BaseMap",10,26950],["_MetallicGlossMap",null,null],["_SpecGlossMap",null,null],["_BumpMap",null,null],["_ParallaxMap",null,null],["_OcclusionMap",null,null],["_EmissionMap",null,null],["_DetailMask",null,null],["_DetailAlbedoMap",null,null],["_DetailNormalMap",null,null],["_MainTex",10,26950],["unity_Lightmaps",null,null],["unity_LightmapsInd",null,null],["unity_ShadowMasks",null,null]],[]]},{"id":26786,"path":"Assets/@Assets/Models/Goods/Pepero/Materials/Pepero_Sky.mat","assetBundleId":-1,"data":["Pepero_Sky",9,486,2000,0,[["_WorkflowMode",1],["_Cutoff",0.5],["_Smoothness",0.5],["_SmoothnessTextureChannel",0],["_Metallic",0],["_SpecularHighlights",1],["_EnvironmentReflections",1],["_BumpScale",1],["_Parallax",0.00499999988824129],["_OcclusionStrength",1],["_DetailAlbedoMapScale",1],["_DetailNormalMapScale",1],["_ClearCoatMask",0],["_ClearCoatSmoothness",0],["_Surface",0],["_Blend",0],["_Cull",2],["_AlphaClip",0],["_SrcBlend",1],["_DstBlend",0],["_SrcBlendAlpha",1],["_DstBlendAlpha",0],["_ZWrite",1],["_BlendModePreserveSpecular",1],["_AlphaToMask",0],["_ReceiveShadows",1],["_QueueOffset",0],["_GlossMapScale",0],["_Glossiness",0],["_GlossyReflections",0]],[["_BaseColor",1,1,1,1],["_SpecColor",0.199999928474426,0.199999928474426,0.199999928474426,1],["_EmissionColor",0,0,0,1],["_Color",1,1,1,1]],[["_BaseMap_ST",1,1,0,0],["_MetallicGlossMap_ST",1,1,0,0],["_SpecGlossMap_ST",1,1,0,0],["_BumpMap_ST",1,1,0,0],["_ParallaxMap_ST",1,1,0,0],["_OcclusionMap_ST",1,1,0,0],["_EmissionMap_ST",1,1,0,0],["_DetailMask_ST",1,1,0,0],["_DetailAlbedoMap_ST",1,1,0,0],["_DetailNormalMap_ST",1,1,0,0],["_MainTex_ST",1,1,0,0],["unity_Lightmaps_ST",1,1,0,0],["unity_LightmapsInd_ST",1,1,0,0],["unity_ShadowMasks_ST",1,1,0,0]],[["_BaseMap",10,26768],["_MetallicGlossMap",null,null],["_SpecGlossMap",null,null],["_BumpMap",null,null],["_ParallaxMap",null,null],["_OcclusionMap",null,null],["_EmissionMap",null,null],["_DetailMask",null,null],["_DetailAlbedoMap",null,null],["_DetailNormalMap",null,null],["_MainTex",10,26768],["unity_Lightmaps",null,null],["unity_LightmapsInd",null,null],["unity_ShadowMasks",null,null]],[]]},{"id":26788,"path":"Assets/@Assets/Models/Goods/Pepero/Materials/Pepero_Almond.mat","assetBundleId":-1,"data":["Pepero_Almond",9,486,2000,0,[["_WorkflowMode",1],["_Cutoff",0.5],["_Smoothness",0.5],["_SmoothnessTextureChannel",0],["_Metallic",0],["_SpecularHighlights",1],["_EnvironmentReflections",1],["_BumpScale",1],["_Parallax",0.00499999988824129],["_OcclusionStrength",1],["_DetailAlbedoMapScale",1],["_DetailNormalMapScale",1],["_ClearCoatMask",0],["_ClearCoatSmoothness",0],["_Surface",0],["_Blend",0],["_Cull",2],["_AlphaClip",0],["_SrcBlend",1],["_DstBlend",0],["_SrcBlendAlpha",1],["_DstBlendAlpha",0],["_ZWrite",1],["_BlendModePreserveSpecular",1],["_AlphaToMask",0],["_ReceiveShadows",1],["_QueueOffset",0],["_GlossMapScale",0],["_Glossiness",0],["_GlossyReflections",0]],[["_BaseColor",1,1,1,1],["_SpecColor",0.199999928474426,0.199999928474426,0.199999928474426,1],["_EmissionColor",0,0,0,1],["_Color",1,1,1,1]],[["_BaseMap_ST",1,1,0,0],["_MetallicGlossMap_ST",1,1,0,0],["_SpecGlossMap_ST",1,1,0,0],["_BumpMap_ST",1,1,0,0],["_ParallaxMap_ST",1,1,0,0],["_OcclusionMap_ST",1,1,0,0],["_EmissionMap_ST",1,1,0,0],["_DetailMask_ST",1,1,0,0],["_DetailAlbedoMap_ST",1,1,0,0],["_DetailNormalMap_ST",1,1,0,0],["_MainTex_ST",1,1,0,0],["unity_Lightmaps_ST",1,1,0,0],["unity_LightmapsInd_ST",1,1,0,0],["unity_ShadowMasks_ST",1,1,0,0]],[["_BaseMap",10,26954],["_MetallicGlossMap",null,null],["_SpecGlossMap",null,null],["_BumpMap",null,null],["_ParallaxMap",null,null],["_OcclusionMap",null,null],["_EmissionMap",null,null],["_DetailMask",null,null],["_DetailAlbedoMap",null,null],["_DetailNormalMap",null,null],["_MainTex",10,26954],["unity_Lightmaps",null,null],["unity_LightmapsInd",null,null],["unity_ShadowMasks",null,null]],[]]},{"id":26794,"path":"Assets/@Assets/Models/Goods/Pepero/Materials/Pepero_Purple.mat","assetBundleId":-1,"data":["Pepero_Purple",9,486,2000,0,[["_WorkflowMode",1],["_Cutoff",0.5],["_Smoothness",0.5],["_SmoothnessTextureChannel",0],["_Metallic",0],["_SpecularHighlights",1],["_EnvironmentReflections",1],["_BumpScale",1],["_Parallax",0.00499999988824129],["_OcclusionStrength",1],["_DetailAlbedoMapScale",1],["_DetailNormalMapScale",1],["_ClearCoatMask",0],["_ClearCoatSmoothness",0],["_Surface",0],["_Blend",0],["_Cull",2],["_AlphaClip",0],["_SrcBlend",1],["_DstBlend",0],["_SrcBlendAlpha",1],["_DstBlendAlpha",0],["_ZWrite",1],["_BlendModePreserveSpecular",1],["_AlphaToMask",0],["_ReceiveShadows",1],["_QueueOffset",0],["_GlossMapScale",0],["_Glossiness",0],["_GlossyReflections",0]],[["_BaseColor",1,1,1,1],["_SpecColor",0.199999928474426,0.199999928474426,0.199999928474426,1],["_EmissionColor",0,0,0,1],["_Color",1,1,1,1]],[["_BaseMap_ST",1,1,0,0],["_MetallicGlossMap_ST",1,1,0,0],["_SpecGlossMap_ST",1,1,0,0],["_BumpMap_ST",1,1,0,0],["_ParallaxMap_ST",1,1,0,0],["_OcclusionMap_ST",1,1,0,0],["_EmissionMap_ST",1,1,0,0],["_DetailMask_ST",1,1,0,0],["_DetailAlbedoMap_ST",1,1,0,0],["_DetailNormalMap_ST",1,1,0,0],["_MainTex_ST",1,1,0,0],["unity_Lightmaps_ST",1,1,0,0],["unity_LightmapsInd_ST",1,1,0,0],["unity_ShadowMasks_ST",1,1,0,0]],[["_BaseMap",10,26956],["_MetallicGlossMap",null,null],["_SpecGlossMap",null,null],["_BumpMap",null,null],["_ParallaxMap",null,null],["_OcclusionMap",null,null],["_EmissionMap",null,null],["_DetailMask",null,null],["_DetailAlbedoMap",null,null],["_DetailNormalMap",null,null],["_MainTex",10,26956],["unity_Lightmaps",null,null],["unity_LightmapsInd",null,null],["unity_ShadowMasks",null,null]],[]]},{"id":26802,"path":"Assets/@Assets/Materials/White.mat","assetBundleId":-1,"data":["White",9,486,2000,0,[["_WorkflowMode",1],["_Cutoff",0.5],["_Smoothness",0.5],["_SmoothnessTextureChannel",0],["_Metallic",0],["_SpecularHighlights",1],["_EnvironmentReflections",1],["_BumpScale",1],["_Parallax",0.00499999988824129],["_OcclusionStrength",1],["_DetailAlbedoMapScale",1],["_DetailNormalMapScale",1],["_ClearCoatMask",0],["_ClearCoatSmoothness",0],["_Surface",0],["_Blend",0],["_Cull",2],["_AlphaClip",0],["_SrcBlend",1],["_DstBlend",0],["_SrcBlendAlpha",1],["_DstBlendAlpha",0],["_ZWrite",1],["_BlendModePreserveSpecular",1],["_AlphaToMask",0],["_ReceiveShadows",1],["_QueueOffset",0],["_GlossMapScale",0],["_Glossiness",0],["_GlossyReflections",0]],[["_BaseColor",1,1,1,1],["_SpecColor",0.199999928474426,0.199999928474426,0.199999928474426,1],["_EmissionColor",0,0,0,1],["_Color",1,1,1,1]],[["_BaseMap_ST",1,1,0,0],["_MetallicGlossMap_ST",1,1,0,0],["_SpecGlossMap_ST",1,1,0,0],["_BumpMap_ST",1,1,0,0],["_ParallaxMap_ST",1,1,0,0],["_OcclusionMap_ST",1,1,0,0],["_EmissionMap_ST",1,1,0,0],["_DetailMask_ST",1,1,0,0],["_DetailAlbedoMap_ST",1,1,0,0],["_DetailNormalMap_ST",1,1,0,0],["_MainTex_ST",1,1,0,0],["unity_Lightmaps_ST",1,1,0,0],["unity_LightmapsInd_ST",1,1,0,0],["unity_ShadowMasks_ST",1,1,0,0]],[["_BaseMap",null,null],["_MetallicGlossMap",null,null],["_SpecGlossMap",null,null],["_BumpMap",null,null],["_ParallaxMap",null,null],["_OcclusionMap",null,null],["_EmissionMap",null,null],["_DetailMask",null,null],["_DetailAlbedoMap",null,null],["_DetailNormalMap",null,null],["_MainTex",null,null],["unity_Lightmaps",null,null],["unity_LightmapsInd",null,null],["unity_ShadowMasks",null,null]],[]]},{"id":26804,"path":"Assets/@Assets/Models/Goods/Pepero/Materials/Pepero_Crunky.mat","assetBundleId":-1,"data":["Pepero_Crunky",9,486,2000,0,[["_WorkflowMode",1],["_Cutoff",0.5],["_Smoothness",0.5],["_SmoothnessTextureChannel",0],["_Metallic",0],["_SpecularHighlights",1],["_EnvironmentReflections",1],["_BumpScale",1],["_Parallax",0.00499999988824129],["_OcclusionStrength",1],["_DetailAlbedoMapScale",1],["_DetailNormalMapScale",1],["_ClearCoatMask",0],["_ClearCoatSmoothness",0],["_Surface",0],["_Blend",0],["_Cull",2],["_AlphaClip",0],["_SrcBlend",1],["_DstBlend",0],["_SrcBlendAlpha",1],["_DstBlendAlpha",0],["_ZWrite",1],["_BlendModePreserveSpecular",1],["_AlphaToMask",0],["_ReceiveShadows",1],["_QueueOffset",0],["_GlossMapScale",0],["_Glossiness",0],["_GlossyReflections",0]],[["_BaseColor",1,1,1,1],["_SpecColor",0.199999928474426,0.199999928474426,0.199999928474426,1],["_EmissionColor",0,0,0,1],["_Color",1,1,1,1]],[["_BaseMap_ST",1,1,0,0],["_MetallicGlossMap_ST",1,1,0,0],["_SpecGlossMap_ST",1,1,0,0],["_BumpMap_ST",1,1,0,0],["_ParallaxMap_ST",1,1,0,0],["_OcclusionMap_ST",1,1,0,0],["_EmissionMap_ST",1,1,0,0],["_DetailMask_ST",1,1,0,0],["_DetailAlbedoMap_ST",1,1,0,0],["_DetailNormalMap_ST",1,1,0,0],["_MainTex_ST",1,1,0,0],["unity_Lightmaps_ST",1,1,0,0],["unity_LightmapsInd_ST",1,1,0,0],["unity_ShadowMasks_ST",1,1,0,0]],[["_BaseMap",10,26958],["_MetallicGlossMap",null,null],["_SpecGlossMap",null,null],["_BumpMap",null,null],["_ParallaxMap",null,null],["_OcclusionMap",null,null],["_EmissionMap",null,null],["_DetailMask",null,null],["_DetailAlbedoMap",null,null],["_DetailNormalMap",null,null],["_MainTex",10,26958],["unity_Lightmaps",null,null],["unity_LightmapsInd",null,null],["unity_ShadowMasks",null,null]],[]]},{"id":26808,"path":"Assets/@Assets/Materials/Green.mat","assetBundleId":-1,"data":["Green",9,486,2000,0,[["_WorkflowMode",1],["_Cutoff",0.5],["_Smoothness",0.5],["_SmoothnessTextureChannel",0],["_Metallic",0],["_SpecularHighlights",1],["_EnvironmentReflections",1],["_BumpScale",1],["_Parallax",0.00499999988824129],["_OcclusionStrength",1],["_DetailAlbedoMapScale",1],["_DetailNormalMapScale",1],["_ClearCoatMask",0],["_ClearCoatSmoothness",0],["_Surface",0],["_Blend",0],["_Cull",2],["_AlphaClip",0],["_SrcBlend",1],["_DstBlend",0],["_SrcBlendAlpha",1],["_DstBlendAlpha",0],["_ZWrite",1],["_BlendModePreserveSpecular",1],["_AlphaToMask",0],["_ReceiveShadows",1],["_QueueOffset",0],["_GlossMapScale",0],["_Glossiness",0],["_GlossyReflections",0]],[["_BaseColor",0,1,0,1],["_SpecColor",0.199999928474426,0.199999928474426,0.199999928474426,1],["_EmissionColor",0,0,0,1],["_Color",0,1,0,1]],[["_BaseMap_ST",1,1,0,0],["_MetallicGlossMap_ST",1,1,0,0],["_SpecGlossMap_ST",1,1,0,0],["_BumpMap_ST",1,1,0,0],["_ParallaxMap_ST",1,1,0,0],["_OcclusionMap_ST",1,1,0,0],["_EmissionMap_ST",1,1,0,0],["_DetailMask_ST",1,1,0,0],["_DetailAlbedoMap_ST",1,1,0,0],["_DetailNormalMap_ST",1,1,0,0],["_MainTex_ST",1,1,0,0],["unity_Lightmaps_ST",1,1,0,0],["unity_LightmapsInd_ST",1,1,0,0],["unity_ShadowMasks_ST",1,1,0,0]],[["_BaseMap",null,null],["_MetallicGlossMap",null,null],["_SpecGlossMap",null,null],["_BumpMap",null,null],["_ParallaxMap",null,null],["_OcclusionMap",null,null],["_EmissionMap",null,null],["_DetailMask",null,null],["_DetailAlbedoMap",null,null],["_DetailNormalMap",null,null],["_MainTex",null,null],["unity_Lightmaps",null,null],["unity_LightmapsInd",null,null],["unity_ShadowMasks",null,null]],[]]},{"id":26818,"path":"Assets/@Assets/Materials/Blue.mat","assetBundleId":-1,"data":["Blue",9,486,2000,0,[["_WorkflowMode",1],["_Cutoff",0.5],["_Smoothness",0.5],["_SmoothnessTextureChannel",0],["_Metallic",0],["_SpecularHighlights",1],["_EnvironmentReflections",1],["_BumpScale",1],["_Parallax",0.00499999988824129],["_OcclusionStrength",1],["_DetailAlbedoMapScale",1],["_DetailNormalMapScale",1],["_ClearCoatMask",0],["_ClearCoatSmoothness",0],["_Surface",0],["_Blend",0],["_Cull",2],["_AlphaClip",0],["_SrcBlend",1],["_DstBlend",0],["_SrcBlendAlpha",1],["_DstBlendAlpha",0],["_ZWrite",1],["_BlendModePreserveSpecular",1],["_AlphaToMask",0],["_ReceiveShadows",1],["_QueueOffset",0],["_GlossMapScale",0],["_Glossiness",0],["_GlossyReflections",0]],[["_BaseColor",0,0,1,1],["_SpecColor",0.199999928474426,0.199999928474426,0.199999928474426,1],["_EmissionColor",0,0,0,1],["_Color",0,0,1,1]],[["_BaseMap_ST",1,1,0,0],["_MetallicGlossMap_ST",1,1,0,0],["_SpecGlossMap_ST",1,1,0,0],["_BumpMap_ST",1,1,0,0],["_ParallaxMap_ST",1,1,0,0],["_OcclusionMap_ST",1,1,0,0],["_EmissionMap_ST",1,1,0,0],["_DetailMask_ST",1,1,0,0],["_DetailAlbedoMap_ST",1,1,0,0],["_DetailNormalMap_ST",1,1,0,0],["_MainTex_ST",1,1,0,0],["unity_Lightmaps_ST",1,1,0,0],["unity_LightmapsInd_ST",1,1,0,0],["unity_ShadowMasks_ST",1,1,0,0]],[["_BaseMap",null,null],["_MetallicGlossMap",null,null],["_SpecGlossMap",null,null],["_BumpMap",null,null],["_ParallaxMap",null,null],["_OcclusionMap",null,null],["_EmissionMap",null,null],["_DetailMask",null,null],["_DetailAlbedoMap",null,null],["_DetailNormalMap",null,null],["_MainTex",null,null],["unity_Lightmaps",null,null],["unity_LightmapsInd",null,null],["unity_ShadowMasks",null,null]],[]]},{"id":26822,"path":"Assets/@Assets/Models/Goods/Pepero/Materials/Pepero_Origin.mat","assetBundleId":-1,"data":["Pepero_Origin",9,486,2000,0,[["_WorkflowMode",1],["_Cutoff",0.5],["_Smoothness",0.5],["_SmoothnessTextureChannel",0],["_Metallic",0],["_SpecularHighlights",1],["_EnvironmentReflections",1],["_BumpScale",1],["_Parallax",0.00499999988824129],["_OcclusionStrength",1],["_DetailAlbedoMapScale",1],["_DetailNormalMapScale",1],["_ClearCoatMask",0],["_ClearCoatSmoothness",0],["_Surface",0],["_Blend",0],["_Cull",2],["_AlphaClip",0],["_SrcBlend",1],["_DstBlend",0],["_SrcBlendAlpha",1],["_DstBlendAlpha",0],["_ZWrite",1],["_BlendModePreserveSpecular",1],["_AlphaToMask",0],["_ReceiveShadows",1],["_QueueOffset",0],["_GlossMapScale",0],["_Glossiness",0],["_GlossyReflections",0]],[["_BaseColor",1,1,1,1],["_SpecColor",0.199999928474426,0.199999928474426,0.199999928474426,1],["_EmissionColor",0,0,0,1],["_Color",1,1,1,1]],[["_BaseMap_ST",1,1,0,0],["_MetallicGlossMap_ST",1,1,0,0],["_SpecGlossMap_ST",1,1,0,0],["_BumpMap_ST",1,1,0,0],["_ParallaxMap_ST",1,1,0,0],["_OcclusionMap_ST",1,1,0,0],["_EmissionMap_ST",1,1,0,0],["_DetailMask_ST",1,1,0,0],["_DetailAlbedoMap_ST",1,1,0,0],["_DetailNormalMap_ST",1,1,0,0],["_MainTex_ST",1,1,0,0],["unity_Lightmaps_ST",1,1,0,0],["unity_LightmapsInd_ST",1,1,0,0],["unity_ShadowMasks_ST",1,1,0,0]],[["_BaseMap",10,26966],["_MetallicGlossMap",null,null],["_SpecGlossMap",null,null],["_BumpMap",null,null],["_ParallaxMap",null,null],["_OcclusionMap",null,null],["_EmissionMap",null,null],["_DetailMask",null,null],["_DetailAlbedoMap",null,null],["_DetailNormalMap",null,null],["_MainTex",10,26966],["unity_Lightmaps",null,null],["unity_LightmapsInd",null,null],["unity_ShadowMasks",null,null]],[]]},{"id":26824,"path":"Assets/@Assets/Materials/Yellow.mat","assetBundleId":-1,"data":["Yellow",9,486,2000,0,[["_WorkflowMode",1],["_Cutoff",0.5],["_Smoothness",0.5],["_SmoothnessTextureChannel",0],["_Metallic",0],["_SpecularHighlights",1],["_EnvironmentReflections",1],["_BumpScale",1],["_Parallax",0.00499999988824129],["_OcclusionStrength",1],["_DetailAlbedoMapScale",1],["_DetailNormalMapScale",1],["_ClearCoatMask",0],["_ClearCoatSmoothness",0],["_Surface",0],["_Blend",0],["_Cull",2],["_AlphaClip",0],["_SrcBlend",1],["_DstBlend",0],["_SrcBlendAlpha",1],["_DstBlendAlpha",0],["_ZWrite",1],["_BlendModePreserveSpecular",1],["_AlphaToMask",0],["_ReceiveShadows",1],["_QueueOffset",0],["_GlossMapScale",0],["_Glossiness",0],["_GlossyReflections",0]],[["_BaseColor",1,1,0,1],["_SpecColor",0.199999928474426,0.199999928474426,0.199999928474426,1],["_EmissionColor",0,0,0,1],["_Color",1,1,0,1]],[["_BaseMap_ST",1,1,0,0],["_MetallicGlossMap_ST",1,1,0,0],["_SpecGlossMap_ST",1,1,0,0],["_BumpMap_ST",1,1,0,0],["_ParallaxMap_ST",1,1,0,0],["_OcclusionMap_ST",1,1,0,0],["_EmissionMap_ST",1,1,0,0],["_DetailMask_ST",1,1,0,0],["_DetailAlbedoMap_ST",1,1,0,0],["_DetailNormalMap_ST",1,1,0,0],["_MainTex_ST",1,1,0,0],["unity_Lightmaps_ST",1,1,0,0],["unity_LightmapsInd_ST",1,1,0,0],["unity_ShadowMasks_ST",1,1,0,0]],[["_BaseMap",null,null],["_MetallicGlossMap",null,null],["_SpecGlossMap",null,null],["_BumpMap",null,null],["_ParallaxMap",null,null],["_OcclusionMap",null,null],["_EmissionMap",null,null],["_DetailMask",null,null],["_DetailAlbedoMap",null,null],["_DetailNormalMap",null,null],["_MainTex",null,null],["unity_Lightmaps",null,null],["unity_LightmapsInd",null,null],["unity_ShadowMasks",null,null]],[]]},{"id":26828,"path":"Assets/@Assets/Materials/Orange.mat","assetBundleId":-1,"data":["Orange",9,486,2000,0,[["_WorkflowMode",1],["_Cutoff",0.5],["_Smoothness",0.5],["_SmoothnessTextureChannel",0],["_Metallic",0],["_SpecularHighlights",1],["_EnvironmentReflections",1],["_BumpScale",1],["_Parallax",0.00499999988824129],["_OcclusionStrength",1],["_DetailAlbedoMapScale",1],["_DetailNormalMapScale",1],["_ClearCoatMask",0],["_ClearCoatSmoothness",0],["_Surface",0],["_Blend",0],["_Cull",2],["_AlphaClip",0],["_SrcBlend",1],["_DstBlend",0],["_SrcBlendAlpha",1],["_DstBlendAlpha",0],["_ZWrite",1],["_BlendModePreserveSpecular",1],["_AlphaToMask",0],["_ReceiveShadows",1],["_QueueOffset",0],["_GlossMapScale",0],["_Glossiness",0],["_GlossyReflections",0]],[["_BaseColor",1,0.592799007892609,0,1],["_SpecColor",0.199999928474426,0.199999928474426,0.199999928474426,1],["_EmissionColor",0,0,0,1],["_Color",1,0.592799007892609,0,1]],[["_BaseMap_ST",1,1,0,0],["_MetallicGlossMap_ST",1,1,0,0],["_SpecGlossMap_ST",1,1,0,0],["_BumpMap_ST",1,1,0,0],["_ParallaxMap_ST",1,1,0,0],["_OcclusionMap_ST",1,1,0,0],["_EmissionMap_ST",1,1,0,0],["_DetailMask_ST",1,1,0,0],["_DetailAlbedoMap_ST",1,1,0,0],["_DetailNormalMap_ST",1,1,0,0],["_MainTex_ST",1,1,0,0],["unity_Lightmaps_ST",1,1,0,0],["unity_LightmapsInd_ST",1,1,0,0],["unity_ShadowMasks_ST",1,1,0,0]],[["_BaseMap",null,null],["_MetallicGlossMap",null,null],["_SpecGlossMap",null,null],["_BumpMap",null,null],["_ParallaxMap",null,null],["_OcclusionMap",null,null],["_EmissionMap",null,null],["_DetailMask",null,null],["_DetailAlbedoMap",null,null],["_DetailNormalMap",null,null],["_MainTex",null,null],["unity_Lightmaps",null,null],["unity_LightmapsInd",null,null],["unity_ShadowMasks",null,null]],[]]},{"id":26846,"path":"Assets/@Assets/Models/Goods/Pepero/Materials/Pepero_Node.mat","assetBundleId":-1,"data":["Pepero_Node",9,486,2000,0,[["_WorkflowMode",1],["_Cutoff",0.5],["_Smoothness",0.5],["_SmoothnessTextureChannel",0],["_Metallic",0],["_SpecularHighlights",1],["_EnvironmentReflections",1],["_BumpScale",1],["_Parallax",0.00499999988824129],["_OcclusionStrength",1],["_DetailAlbedoMapScale",1],["_DetailNormalMapScale",1],["_ClearCoatMask",0],["_ClearCoatSmoothness",0],["_Surface",0],["_Blend",0],["_Cull",2],["_AlphaClip",0],["_SrcBlend",1],["_DstBlend",0],["_SrcBlendAlpha",1],["_DstBlendAlpha",0],["_ZWrite",1],["_BlendModePreserveSpecular",1],["_AlphaToMask",0],["_ReceiveShadows",1],["_QueueOffset",0],["_GlossMapScale",0],["_Glossiness",0],["_GlossyReflections",0]],[["_BaseColor",1,1,1,1],["_SpecColor",0.199999928474426,0.199999928474426,0.199999928474426,1],["_EmissionColor",0,0,0,1],["_Color",1,1,1,1]],[["_BaseMap_ST",1,1,0,0],["_MetallicGlossMap_ST",1,1,0,0],["_SpecGlossMap_ST",1,1,0,0],["_BumpMap_ST",1,1,0,0],["_ParallaxMap_ST",1,1,0,0],["_OcclusionMap_ST",1,1,0,0],["_EmissionMap_ST",1,1,0,0],["_DetailMask_ST",1,1,0,0],["_DetailAlbedoMap_ST",1,1,0,0],["_DetailNormalMap_ST",1,1,0,0],["_MainTex_ST",1,1,0,0],["unity_Lightmaps_ST",1,1,0,0],["unity_LightmapsInd_ST",1,1,0,0],["unity_ShadowMasks_ST",1,1,0,0]],[["_BaseMap",10,26968],["_MetallicGlossMap",null,null],["_SpecGlossMap",null,null],["_BumpMap",null,null],["_ParallaxMap",null,null],["_OcclusionMap",null,null],["_EmissionMap",null,null],["_DetailMask",null,null],["_DetailAlbedoMap",null,null],["_DetailNormalMap",null,null],["_MainTex",10,26968],["unity_Lightmaps",null,null],["unity_LightmapsInd",null,null],["unity_ShadowMasks",null,null]],[]]},{"id":26860,"path":"Assets/@Assets/Materials/Cyan.mat","assetBundleId":-1,"data":["Cyan",9,486,2000,0,[["_WorkflowMode",1],["_Cutoff",0.5],["_Smoothness",0.5],["_SmoothnessTextureChannel",0],["_Metallic",0],["_SpecularHighlights",1],["_EnvironmentReflections",1],["_BumpScale",1],["_Parallax",0.00499999988824129],["_OcclusionStrength",1],["_DetailAlbedoMapScale",1],["_DetailNormalMapScale",1],["_ClearCoatMask",0],["_ClearCoatSmoothness",0],["_Surface",0],["_Blend",0],["_Cull",2],["_AlphaClip",0],["_SrcBlend",1],["_DstBlend",0],["_SrcBlendAlpha",1],["_DstBlendAlpha",0],["_ZWrite",1],["_BlendModePreserveSpecular",1],["_AlphaToMask",0],["_ReceiveShadows",1],["_QueueOffset",0],["_GlossMapScale",0],["_Glossiness",0],["_GlossyReflections",0]],[["_BaseColor",0,1,1,1],["_SpecColor",0.199999928474426,0.199999928474426,0.199999928474426,1],["_EmissionColor",0,0,0,1],["_Color",0,1,1,1]],[["_BaseMap_ST",1,1,0,0],["_MetallicGlossMap_ST",1,1,0,0],["_SpecGlossMap_ST",1,1,0,0],["_BumpMap_ST",1,1,0,0],["_ParallaxMap_ST",1,1,0,0],["_OcclusionMap_ST",1,1,0,0],["_EmissionMap_ST",1,1,0,0],["_DetailMask_ST",1,1,0,0],["_DetailAlbedoMap_ST",1,1,0,0],["_DetailNormalMap_ST",1,1,0,0],["_MainTex_ST",1,1,0,0],["unity_Lightmaps_ST",1,1,0,0],["unity_LightmapsInd_ST",1,1,0,0],["unity_ShadowMasks_ST",1,1,0,0]],[["_BaseMap",null,null],["_MetallicGlossMap",null,null],["_SpecGlossMap",null,null],["_BumpMap",null,null],["_ParallaxMap",null,null],["_OcclusionMap",null,null],["_EmissionMap",null,null],["_DetailMask",null,null],["_DetailAlbedoMap",null,null],["_DetailNormalMap",null,null],["_MainTex",null,null],["unity_Lightmaps",null,null],["unity_LightmapsInd",null,null],["unity_ShadowMasks",null,null]],[]]},{"id":26848,"path":"Assets/@Assets/Materials/Purple.mat","assetBundleId":-1,"data":["Purple",9,486,2000,0,[["_WorkflowMode",1],["_Cutoff",0.5],["_Smoothness",0.5],["_SmoothnessTextureChannel",0],["_Metallic",0],["_SpecularHighlights",1],["_EnvironmentReflections",1],["_BumpScale",1],["_Parallax",0.00499999988824129],["_OcclusionStrength",1],["_DetailAlbedoMapScale",1],["_DetailNormalMapScale",1],["_ClearCoatMask",0],["_ClearCoatSmoothness",0],["_Surface",0],["_Blend",0],["_Cull",2],["_AlphaClip",0],["_SrcBlend",1],["_DstBlend",0],["_SrcBlendAlpha",1],["_DstBlendAlpha",0],["_ZWrite",1],["_BlendModePreserveSpecular",1],["_AlphaToMask",0],["_ReceiveShadows",1],["_QueueOffset",0],["_GlossMapScale",0],["_Glossiness",0],["_GlossyReflections",0]],[["_BaseColor",0.453329026699066,0,1,1],["_SpecColor",0.199999928474426,0.199999928474426,0.199999928474426,1],["_EmissionColor",0,0,0,1],["_Color",0.453328967094421,0,1,1]],[["_BaseMap_ST",1,1,0,0],["_MetallicGlossMap_ST",1,1,0,0],["_SpecGlossMap_ST",1,1,0,0],["_BumpMap_ST",1,1,0,0],["_ParallaxMap_ST",1,1,0,0],["_OcclusionMap_ST",1,1,0,0],["_EmissionMap_ST",1,1,0,0],["_DetailMask_ST",1,1,0,0],["_DetailAlbedoMap_ST",1,1,0,0],["_DetailNormalMap_ST",1,1,0,0],["_MainTex_ST",1,1,0,0],["unity_Lightmaps_ST",1,1,0,0],["unity_LightmapsInd_ST",1,1,0,0],["unity_ShadowMasks_ST",1,1,0,0]],[["_BaseMap",null,null],["_MetallicGlossMap",null,null],["_SpecGlossMap",null,null],["_BumpMap",null,null],["_ParallaxMap",null,null],["_OcclusionMap",null,null],["_EmissionMap",null,null],["_DetailMask",null,null],["_DetailAlbedoMap",null,null],["_DetailNormalMap",null,null],["_MainTex",null,null],["unity_Lightmaps",null,null],["unity_LightmapsInd",null,null],["unity_ShadowMasks",null,null]],[]]}],"meshes":[{"id":26996,"path":"Assets/@Assets/Models/Case/Case1.fbx","assetBundleId":-1,"data":["1x1",true,0,400,[2.980232e-8,0,0.3988514,0.4,0.68,0.9527565],[1,1,1,0,0,0,1,1,0,0],[0,11200],[[[11200,1416]]],[],[]]},{"id":27022,"path":"Assets/@Assets/Models/Goods/Pepero/Pepero.fbx","assetBundleId":-1,"data":["Pepero",true,0,3515,[0.003919572,0.5027183,0.1425734,0.3010974,0.506673,0.1282324],[1,1,1,0,0,0,1,1,0,0],[12616,98420],[[[111036,8544]]],[],[]]}],"prefabs":[{"id":26946,"path":"Assets/@Assets/Prefabs/BoxCase.prefab","assetBundleId":-1,"components":[{"type":0,"id":26976,"data":[0,0,0,1,0.72654002904892,0.700000047683716,-0.102882348001003,-0.211156591773033,0.0216642916202545,0.971781253814697]},{"type":1,"id":26978,"data":[2,26996]},{"type":3,"id":26980,"data":[null,null,1,4,26760,[4,26760],1,0,0,0,-1,-1,1,1,0,0,1,1]},{"type":5,"id":26982,"data":[3.73709411860546e-7,-1.92197742165945e-8,-0.379999935626984,0.614843666553497,1.1324245929718,0.143227651715279,1,0,null,null]},{"type":6,"id":26984,"enabled":1,"class":7,"data":[8,26988,0]}],"children":[],"data":["BoxCase",0,1,0,0]},{"id":26970,"path":"Assets/@Assets/Models/Case/Case1.fbx","assetBundleId":-1,"components":[{"type":0,"id":26990,"data":[-0.00000310994823848887,60.0000038146973,39.390510559082,100,100,100,-3.77489506320217e-8,0,0,1]},{"type":1,"id":26994,"data":[2,26996]},{"type":3,"id":26992,"data":[null,null,1,4,26760,[4,26760],1,1,0,0,-1,-1,1,1,0,0,1,1]}],"children":[],"data":["Case1",0,1,0,0]},{"id":26988,"path":"Assets/@Assets/Prefabs/Goods.prefab","assetBundleId":-1,"components":[{"type":0,"id":27004,"data":[0,0,0,0.75,1,0.75,0,0,0,1]},{"type":1,"id":27006,"data":[2,27022]},{"type":3,"id":27008,"data":[null,null,1,4,26786,[4,26786],1,0,0,0,-1,-1,1,1,0,0,1,1]},{"type":6,"id":27010,"enabled":1,"class":11,"data":[-1]},{"type":5,"id":27012,"data":[0.00244973110966384,0.462536096572876,0.0891083329916,0.544273495674133,0.930015444755554,0.160290449857712,1,0,null,null]},{"type":6,"id":27014,"enabled":1,"class":12,"data":[]}],"children":[],"data":["Goods",0,1,0,0]},{"id":26998,"path":"Assets/@Assets/Models/Goods/Pepero/Pepero.fbx","assetBundleId":-1,"components":[{"type":0,"id":27016,"data":[0,0,0,100,100,100,-3.77489506320217e-8,0,0,1]},{"type":1,"id":27020,"data":[2,27022]},{"type":3,"id":27018,"data":[null,null,1,4,26760,[4,26760],1,1,0,0,-1,-1,1,1,0,0,1,1]}],"children":[],"data":["Pepero",0,1,0,0]}],"scenes":[{"id":0,"name":"MainScene","path":"Assets/@Scenes/MainScene.unity","assetBundleId":-1,"data":["MainScene",0,1],"objects":[{"id":35944,"path":"GameManager","assetBundleId":0,"components":[{"type":0,"id":35948,"data":[0,0,0,1,1,1,0,0,0,1]},{"type":6,"id":35946,"enabled":1,"class":13,"data":[9]}],"children":[],"data":["GameManager",0,1,0,0]},{"id":35888,"path":"Main Camera","assetBundleId":0,"components":[{"type":0,"id":35894,"data":[0,1,-10,1,1,1,0,0,0,1]},{"type":14,"id":35892,"data":[1,0.752941191196442,1,8,0,0,0,1,0.300000011920929,1000,60,-1,1,-1,[0,0,1,1],null,null,0,50,36,24,0,0,2,0,1]},{"type":15,"id":35890,"data":[]},{"type":6,"id":35896,"enabled":1,"class":16,"data":[1,2,2,0,[],-1,1,null,null,2,1,0,2,0,0,1,1,1,0,0,0,0,0,0,0,0,0,0,0,2,[3,0.100000001490116,1,0,0.899999976158142,0]]}],"children":[],"data":["Main Camera",4,1,0,0]},{"id":35904,"path":"Directional Light","assetBundleId":0,"components":[{"type":0,"id":35908,"data":[-1.25,1.48000001907349,0,1,1,1,0.408217877149582,-0.234569683670998,0.109381631016731,0.875426113605499]},{"type":17,"id":35906,"data":[1,1,1,1,1,1,-1,2,10,30,0,0.400000005960464,0.0500000007450581,1,-1,1,0,null,null,10]},{"type":6,"id":35910,"enabled":1,"class":18,"data":[3,1,2,1,1,0,1,1,1,1,0,0,1]}],"children":[],"data":["Directional Light",0,1,0,0]},{"id":35920,"path":"Global Volume","assetBundleId":0,"components":[{"type":0,"id":35924,"data":[-1.25,-1.51999998092651,0,1,1,1,0,0,0,1]},{"type":6,"id":35922,"enabled":1,"class":19,"data":[0.28999999165535,0,0,20,26820,1]}],"children":[],"data":["Global Volume",0,1,0,0]},{"id":35898,"path":"BoxController","assetBundleId":0,"components":[{"type":0,"id":35902,"data":[0,0,0,1,1,1,0,0,0,1]},{"type":6,"id":35900,"enabled":1,"class":21,"data":[30,1.75,0,4,0,0.779999971389771,0.985000014305115,0.0799999982118607,8,26946,[4,26784,4,26808,4,26818,4,26802,4,26828,4,26824,4,26782,4,26848,4,26860],[4,26788,4,26774,4,26780,4,26804,4,26846,4,26822,4,26794,4,26786]]}],"children":[],"data":["BoxController",0,1,0,0]},{"id":35926,"path":"Canvas","assetBundleId":0,"components":[{"type":22,"id":35934,"data":[0.5,0.5,0,0,0,0,640.000061035156,850.000061035156,0,1,90,0,0,0,1,0.018823528662324,0.018823528662324,0.018823528662324]},{"type":23,"id":35932,"data":[1,100,100,0,1,0,"Default",0,1,14,35892,0,0,0,0]},{"type":24,"id":35930,"enabled":1,"class":25,"data":[0,100,1,800,600,0,0,3,96,96,1,0]},{"type":24,"id":35928,"enabled":1,"class":26,"data":[1,0,-1]}],"children":[{"id":35880,"path":"Canvas","assetBundleId":0,"components":[{"type":22,"id":35882,"data":[0.5,0.5,0.5,0.5,0.5,0.5,640,850,0,0,0,0,0,0,1,1,1,1]},{"type":27,"id":35886,"data":[1]},{"type":24,"id":35884,"enabled":1,"class":28,"data":[29,888,1,0,1,4,1,1,0,0,1,null,null,1,1,1,1,0.391999989748001,1,0,0,0,0]}],"children":[{"id":35912,"path":"Canvas","assetBundleId":0,"components":[{"type":22,"id":35914,"data":[0.5,0.5,0,0,1,1,0,0,0,0,0,0,0,0,1,1,1,1]},{"type":27,"id":35918,"data":[1]},{"type":24,"id":35916,"enabled":1,"class":28,"data":[29,26948,0,0,1,4,1,1,0,0,1,null,null,1,1,1,1,1,1,0,0,0,0]}],"children":[],"data":["BackgroundImage",0,1,0,5]}],"data":["BackgroundPanel",0,1,0,5]}],"data":["Canvas",0,1,0,5]},{"id":35936,"path":"EventSystem","assetBundleId":0,"components":[{"type":0,"id":35942,"data":[0,0,0,1,1,1,0,0,0,1]},{"type":24,"id":35940,"enabled":1,"class":30,"data":[null,null,1,10]},{"type":24,"id":35938,"enabled":1,"class":31,"data":["Horizontal","Vertical","Submit","Cancel",10,0.5,0,1]}],"children":[],"data":["EventSystem",0,1,0,0]}],"render_settings":{"data":[1,1,0,0.211999997496605,0.226999998092651,0.25900000333786,1,0.211999997496605,0.226999998092651,0.25900000333786,1,0.0469999983906746,0.0430000014603138,0.0350000001490116,1,0.114000000059605,0.125,0.133000001311302,1,0.5,0.5,0.5,1,300,0,0.00999999977648258,0,4,866,3,[],[[119580,0],[119580,0],[119580,0],[119580,0],[119580,0],[119580,0]],1,2,1,[0.1802838,-0.005682311,-0.01256068,0.007252015,0.005699968,-0.009872423,0.01033016,-0.01043632,0.02503557,0.2257141,0.04134383,-0.01975326,0.01140326,0.009111973,-0.01578327,0.01437997,-0.0152236,0.03443606,0.3069229,0.1274849,-0.03405339,0.01965664,0.01636519,-0.02834915,0.01771555,-0.02208526,0.0404655],[0,0,0,0,0,0,0,0,0,0,0,0,0,0,0,0,0,0,0,0,0,0,0,0,0,0,0],0,null,null,32,27556,0,128,35906,2,0,0,1]},"shaders":[48,32,486,428,576,154,28]}],"scriptable-objects":[{"id":26844,"path":"Assets/Resources/DOTweenSettings.asset","name":"DOTweenSettings","assetBundleId":-1,"class":36,"data":[1,[2,0],1,1,0,0.150000005960464,0,0,0,1,0,3,0,0,6,1.70158004760742,0,1,0,0,1,1,0,[0,1,1,1,1,1,0,0,0,0,0],0,0,0]},{"id":26820,"path":"Assets/URPSettings/SampleSceneProfile.asset","name":"SampleSceneProfile","assetBundleId":-1,"class":20,"data":[[33,26960,34,26962,35,26964]]},{"id":26960,"path":"Assets/URPSettings/SampleSceneProfile.asset","name":"Tonemapping","assetBundleId":-1,"class":33,"data":[[1,1],[2,0],[3,0],[0,0],[0,0],[300,0],[1,0],[0.00499999988824129,0],[1000,0],1]},{"id":26962,"path":"Assets/URPSettings/SampleSceneProfile.asset","name":"Bloom","assetBundleId":-1,"class":34,"data":[[1,0],[1,1],[1,1],[0.699999988079071,0],[65472,0],[1,1,1,1,0],[0,0],[0,0],[6,0],[1,null,null,0],[0,0],1]},{"id":26964,"path":"Assets/URPSettings/SampleSceneProfile.asset","name":"Vignette","assetBundleId":-1,"class":35,"data":[[0,0,0,1,0],[0.5,0.5,0],[0.223000004887581,1],[0.400000005960464,1],[0,0],1]}],"shaders":[{"id":32,"assetBundleId":-1,"data":[[],"Hidden/InternalErrorShader",null,[],[[0,0,"",0,"",0,[4,null],[1,null],[2,null],[[1,null],[0,null],[0,null]],[[1,null],[0,null],[0,null]],[15,null],[0,null],[0,null],[0,null],[255,null],[255,null],[[0,null],[0,null],[0,null],[8,null]],[[0,null],[0,null],[0,null],[8,null]],[[0,null],[0,null],[0,null],[8,null]],[],[],[],[],[],0],[1,0,"DepthNormalsOnly",0,"",0,[4,null],[1,null],[2,null],[[1,null],[0,null],[0,null]],[[1,null],[0,null],[0,null]],[0,null],[0,null],[0,null],[0,null],[255,null],[255,null],[[0,null],[0,null],[0,null],[8,null]],[[0,null],[0,null],[0,null],[8,null]],[[0,null],[0,null],[0,null],[8,null]],[["LIGHTMODE","DepthNormalsOnly"]],[],[],[],[],0],[2,0,"DepthOnly",13,"",0,[4,null],[1,null],[2,null],[[1,null],[0,null],[0,null]],[[1,null],[0,null],[0,null]],[0,null],[0,null],[0,null],[0,null],[255,null],[255,null],[[0,null],[0,null],[0,null],[8,null]],[[0,null],[0,null],[0,null],[8,null]],[[0,null],[0,null],[0,null],[8,null]],[["LIGHTMODE","DepthOnly"]],[],[],[],[],0]],[],[],null,null,0,0,0]},{"id":576,"assetBundleId":-1,"data":[[],"Hidden/Core/FallbackError",null,["STEREO_CUBEMAP_RENDER_ON","STEREO_INSTANCING_ON","STEREO_MULTIVIEW_ON","UNITY_SINGLE_PASS_STEREO","_"],[[0,0,"",0,"",0,[4,null],[1,null],[2,null],[[1,null],[0,null],[0,null]],[[1,null],[0,null],[0,null]],[15,null],[0,null],[0,null],[0,null],[255,null],[255,null],[[0,null],[0,null],[0,null],[8,null]],[[0,null],[0,null],[0,null],[8,null]],[[0,null],[0,null],[0,null],[8,null]],[],["STEREO_CUBEMAP_RENDER_ON","STEREO_INSTANCING_ON","STEREO_MULTIVIEW_ON","UNITY_SINGLE_PASS_STEREO","_"],[],[],[],0]],[],[],null,null,0,0,0]},{"id":486,"assetBundleId":-1,"data":[[],"Universal Render Pipeline/Lit",null,["DIRLIGHTMAP_COMBINED","FOG_EXP","FOG_EXP2","FOG_LINEAR","LIGHTMAP_ON","SHADOWS_SHADOWMASK","_ADDITIONAL_LIGHTS","_ADDITIONAL_LIGHTS_VERTEX","_ALPHAMODULATE_ON","_ALPHAPREMULTIPLY_ON","_ALPHATEST_ON","_EMISSION","_ENVIRONMENTREFLECTIONS_OFF","_LIGHT_COOKIES","_MAIN_LIGHT_SHADOWS","_MAIN_LIGHT_SHADOWS_CASCADE","_METALLICSPECGLOSSMAP","_NORMALMAP","_OCCLUSIONMAP","_PARALLAXMAP","_RECEIVE_SHADOWS_OFF","_SHADOWS_SOFT","_SHADOWS_SOFT_HIGH","_SHADOWS_SOFT_LOW","_SHADOWS_SOFT_MEDIUM","_SMOOTHNESS_TEXTURE_ALBEDO_CHANNEL_A","_SPECULARHIGHLIGHTS_OFF","_SPECULAR_SETUP","DEBUG_DISPLAY","DOTS_INSTANCING_ON","DYNAMICLIGHTMAP_ON","EVALUATE_SH_MIXED","EVALUATE_SH_VERTEX","INSTANCING_ON","LIGHTMAP_SHADOW_MIXING","LOD_FADE_CROSSFADE","STEREO_CUBEMAP_RENDER_ON","STEREO_INSTANCING_ON","STEREO_MULTIVIEW_ON","UNITY_SINGLE_PASS_STEREO","_ADDITIONAL_LIGHT_SHADOWS","_DBUFFER_MRT1","_DBUFFER_MRT2","_DBUFFER_MRT3","_DETAIL_MULX2","_DETAIL_SCALED","_FORWARD_PLUS","_LIGHT_LAYERS","_MAIN_LIGHT_SHADOWS_SCREEN","_REFLECTION_PROBE_BLENDING","_REFLECTION_PROBE_BOX_PROJECTION","_SCREEN_SPACE_OCCLUSION","_SURFACE_TYPE_TRANSPARENT","_WRITE_RENDERING_LAYERS","_","__","_CASTING_PUNCTUAL_LIGHT_SHADOW"],[[0,0,"ForwardLit",13,"",0,[4,null],[0,"_ZWrite"],[0,"_Cull"],[[0,"_SrcBlend"],[0,"_DstBlend"],[0,null]],[[0,"_SrcBlendAlpha"],[0,"_DstBlendAlpha"],[0,null]],[15,null],[0,null],[0,null],[0,null],[255,null],[255,null],[[0,null],[0,null],[0,null],[8,null]],[[0,null],[0,null],[0,null],[8,null]],[[0,null],[0,null],[0,null],[8,null]],[["IGNOREPROJECTOR","true"],["LIGHTMODE","UniversalForward"],["RenderPipeline","UniversalPipeline"],["RenderType","Opaque"],["UniversalMaterialType","Lit"]],["DEBUG_DISPLAY","DIRLIGHTMAP_COMBINED","DOTS_INSTANCING_ON","DYNAMICLIGHTMAP_ON","EVALUATE_SH_MIXED","EVALUATE_SH_VERTEX","FOG_EXP","FOG_EXP2","FOG_LINEAR","INSTANCING_ON","LIGHTMAP_ON","LIGHTMAP_SHADOW_MIXING","LOD_FADE_CROSSFADE","SHADOWS_SHADOWMASK","STEREO_CUBEMAP_RENDER_ON","STEREO_INSTANCING_ON","STEREO_MULTIVIEW_ON","UNITY_SINGLE_PASS_STEREO","_ADDITIONAL_LIGHTS","_ADDITIONAL_LIGHTS_VERTEX","_ADDITIONAL_LIGHT_SHADOWS","_ALPHAMODULATE_ON","_ALPHAPREMULTIPLY_ON","_ALPHATEST_ON","_DBUFFER_MRT1","_DBUFFER_MRT2","_DBUFFER_MRT3","_DETAIL_MULX2","_DETAIL_SCALED","_EMISSION","_ENVIRONMENTREFLECTIONS_OFF","_FORWARD_PLUS","_LIGHT_COOKIES","_LIGHT_LAYERS","_MAIN_LIGHT_SHADOWS","_MAIN_LIGHT_SHADOWS_CASCADE","_MAIN_LIGHT_SHADOWS_SCREEN","_METALLICSPECGLOSSMAP","_NORMALMAP","_OCCLUSIONMAP","_PARALLAXMAP","_RECEIVE_SHADOWS_OFF","_REFLECTION_PROBE_BLENDING","_REFLECTION_PROBE_BOX_PROJECTION","_SCREEN_SPACE_OCCLUSION","_SHADOWS_SOFT","_SHADOWS_SOFT_HIGH","_SHADOWS_SOFT_LOW","_SHADOWS_SOFT_MEDIUM","_SMOOTHNESS_TEXTURE_ALBEDO_CHANNEL_A","_SPECULARHIGHLIGHTS_OFF","_SPECULAR_SETUP","_SURFACE_TYPE_TRANSPARENT","_WRITE_RENDERING_LAYERS","_","__"],[],[[0,0,[],0,1,0,0],[0,0,[],2,3,1,0],[0,0,["_MAIN_LIGHT_SHADOWS_CASCADE","_SHADOWS_SOFT_MEDIUM"],2,4,1,0]],[],0],[1,0,"ShadowCaster",8,"",0,[4,null],[1,null],[0,"_Cull"],[[1,null],[0,null],[0,null]],[[1,null],[0,null],[0,null]],[0,null],[0,null],[0,null],[0,null],[255,null],[255,null],[[0,null],[0,null],[0,null],[8,null]],[[0,null],[0,null],[0,null],[8,null]],[[0,null],[0,null],[0,null],[8,null]],[["IGNOREPROJECTOR","true"],["LIGHTMODE","SHADOWCASTER"],["RenderPipeline","UniversalPipeline"],["RenderType","Opaque"],["UniversalMaterialType","Lit"]],["DOTS_INSTANCING_ON","INSTANCING_ON","LOD_FADE_CROSSFADE","STEREO_CUBEMAP_RENDER_ON","STEREO_INSTANCING_ON","STEREO_MULTIVIEW_ON","UNITY_SINGLE_PASS_STEREO","_ALPHATEST_ON","_CASTING_PUNCTUAL_LIGHT_SHADOW","_SMOOTHNESS_TEXTURE_ALBEDO_CHANNEL_A","_","__"],[],[],[],0]],[],[["_WorkflowMode",2,1,0,0,0,"",0],["_BaseMap",4,0,0,0,0,"white",128],["_BaseColor",0,1,1,1,1,"",256],["_Cutoff",3,0.5,0,1,0,"",0],["_Smoothness",3,0.5,0,1,0,"",0],["_SmoothnessTextureChannel",2,0,0,0,0,"",0],["_Metallic",3,0,0,1,0,"",0],["_MetallicGlossMap",4,0,0,0,0,"white",0],["_SpecColor",0,0.200000002980232,0.200000002980232,0.200000002980232,1,"",0],["_SpecGlossMap",4,0,0,0,0,"white",0],["_SpecularHighlights",2,1,0,0,0,"",0],["_EnvironmentReflections",2,1,0,0,0,"",0],["_BumpScale",2,1,0,0,0,"",0],["_BumpMap",4,0,0,0,0,"bump",0],["_Parallax",3,0.00499999988824129,0.00499999988824129,0.0799999982118607,0,"",0],["_ParallaxMap",4,0,0,0,0,"black",0],["_OcclusionStrength",3,1,0,1,0,"",0],["_OcclusionMap",4,0,0,0,0,"white",0],["_EmissionColor",0,0,0,0,1,"",16],["_EmissionMap",4,0,0,0,0,"white",0],["_DetailMask",4,0,0,0,0,"white",0],["_DetailAlbedoMapScale",3,1,0,2,0,"",0],["_DetailAlbedoMap",4,0,0,0,0,"linearGrey",0],["_DetailNormalMapScale",3,1,0,2,0,"",0],["_DetailNormalMap",4,0,0,0,0,"bump",8],["_ClearCoatMask",2,0,0,0,0,"",1],["_ClearCoatSmoothness",2,0,0,0,0,"",1],["_Surface",2,0,0,0,0,"",0],["_Blend",2,0,0,0,0,"",0],["_Cull",2,2,0,0,0,"",0],["_AlphaClip",2,0,0,0,0,"",0],["_SrcBlend",2,1,0,0,0,"",1],["_DstBlend",2,0,0,0,0,"",1],["_SrcBlendAlpha",2,1,0,0,0,"",1],["_DstBlendAlpha",2,0,0,0,0,"",1],["_ZWrite",2,1,0,0,0,"",1],["_BlendModePreserveSpecular",2,1,0,0,0,"",1],["_AlphaToMask",2,0,0,0,0,"",1],["_ReceiveShadows",2,1,0,0,0,"",0],["_QueueOffset",2,0,0,0,0,"",0],["_MainTex",4,0,0,0,0,"white",1],["_Color",0,1,1,1,1,"",1],["_GlossMapScale",2,0,0,0,0,"",1],["_Glossiness",2,0,0,0,0,"",1],["_GlossyReflections",2,0,0,0,0,"",1],["unity_Lightmaps",4,0,0,0,0,"",5],["unity_LightmapsInd",4,0,0,0,0,"",5],["unity_ShadowMasks",4,0,0,0,0,"",5]],9,428,0,0,0]},{"id":428,"assetBundleId":-1,"data":[[],"Hidden/Universal Render Pipeline/FallbackError",null,["DOTS_INSTANCING_ON","STEREO_CUBEMAP_RENDER_ON","STEREO_INSTANCING_ON","STEREO_MULTIVIEW_ON","UNITY_SINGLE_PASS_STEREO","_"],[[0,0,"",0,"",0,[4,null],[1,null],[2,null],[[1,null],[0,null],[0,null]],[[1,null],[0,null],[0,null]],[15,null],[0,null],[0,null],[0,null],[255,null],[255,null],[[0,null],[0,null],[0,null],[8,null]],[[0,null],[0,null],[0,null],[8,null]],[[0,null],[0,null],[0,null],[8,null]],[["IGNOREPROJECTOR","true"],["RenderPipeline","UniversalPipeline"],["RenderType","Opaque"]],["DOTS_INSTANCING_ON","STEREO_CUBEMAP_RENDER_ON","STEREO_INSTANCING_ON","STEREO_MULTIVIEW_ON","UNITY_SINGLE_PASS_STEREO","_"],[],[],[],0]],[],[],9,576,0,0,0]}],"sounds":[{"id":27538,"path":"Assets/Resources/Sounds/BackGroundMusic.wav","assetBundleId":-1,"data":["BackGroundMusic"]},{"id":34508,"path":"Assets/Resources/Sounds/MouseUpSound.wav","assetBundleId":-1,"data":["MouseUpSound"]},{"id":34562,"path":"Assets/Resources/Sounds/ClearSound.wav","assetBundleId":-1,"data":["ClearSound"]}],"sprites":[{"id":26948,"path":"Assets/@Assets/Images/Logo&Background/BackGround2.png","assetBundleId":-1,"data":["BackGround2",10,26986,[0,0,0,5.12,7.68,0],[-5.12,7.68,0,0,1,5.12,-7.68,0,1,0,5.12,7.68,0,1,1,-5.12,-7.68,0,0,0],[3,0,1,2,1,0],0,0,1,1,0,0,1,1,0,0,0,0,[0,0,0,0],[-5.12,-7.68,5.12,7.68],100,1024,1536,1024,1536,512,768,0,0]}],"textures":[{"id":-1703302,"type":0,"path":"Assets/@Scenes/MainScene.unity/PrefilteredEnvironment.exr","assetBundleId":-1,"data":["",512,256,1,1,1,0,4,0,0,1,4,1,1,0,0]},{"id":26952,"type":0,"path":"Assets/@Assets/Models/Goods/Pepero/Pepero_Cookie.png","assetBundleId":-1,"data":["Pepero_Cookie",1024,1024,11,1,1,0,10,0,0,1,96,1,1,0,0],"ext":".jpeg"},{"id":26956,"type":0,"path":"Assets/@Assets/Models/Goods/Pepero/Pepero_Purple.png","assetBundleId":-1,"data":["Pepero_Purple",1024,1024,11,1,1,0,10,0,0,1,96,1,1,0,0],"ext":".jpeg"},{"id":26966,"type":0,"path":"Assets/@Assets/Models/Goods/Pepero/Pepero_Origin.png","assetBundleId":-1,"data":["Pepero_Origin",1024,1024,11,1,1,0,10,0,0,1,96,1,1,0,0],"ext":".jpeg"},{"id":26954,"type":0,"path":"Assets/@Assets/Models/Goods/Pepero/Pepero_Almond.png","assetBundleId":-1,"data":["Pepero_Almond",1024,1024,11,1,1,0,10,0,0,1,96,1,1,0,0],"ext":".jpeg"},{"id":26768,"type":0,"path":"Assets/@Assets/Models/Goods/Pepero/Pepero_Sky.png","assetBundleId":-1,"data":["Pepero_Sky",1024,1024,11,1,1,0,10,0,0,1,96,1,1,0,0],"ext":".jpeg"},{"id":26950,"type":0,"path":"Assets/@Assets/Models/Goods/Pepero/Pepero_Blue.png","assetBundleId":-1,"data":["Pepero_Blue",1024,1024,11,1,1,0,10,0,0,1,96,1,1,0,0],"ext":".jpeg"},{"id":26986,"type":0,"path":"Assets/@Assets/Images/Logo&Background/BackGround2.png","assetBundleId":-1,"data":["BackGround2",1024,1536,1,1,1,0,10,1,1,1,96,1,1,1,1],"ext":".jpeg"},{"id":26958,"type":0,"path":"Assets/@Assets/Models/Goods/Pepero/Pepero_Crunky.png","assetBundleId":-1,"data":["Pepero_Crunky",1024,1024,11,1,1,0,12,0,0,1,100,1,1,0,0]},{"id":26968,"type":0,"path":"Assets/@Assets/Models/Goods/Pepero/Pepero_Node.png","assetBundleId":-1,"data":["Pepero_Node",1024,1024,11,1,1,0,10,0,0,1,96,1,1,0,0],"ext":".jpeg"}],"urp-assets":[{"id":642,"assetBundleId":-1,"data":[8,1,[0,2,1],32,[0,1],[0,2,1],1,1,1,[1,2,4,8],4,[0,1,2,3],[256,512,1024,2048,4096],4096,1,[0,1,2,3],2,150,4,0.25,0.100000001490116,0.300000011920929,0.0670000016689301,0.200000002980232,0.467000007629395,0.100000001490116,1,1,1,0,0,1,1]}]}